"Phase","Task / Activity","Description / Explanation","Estimated Duration","Dependencies"
"1. Research & Strategy","Familiarization of existing methodologies for agent creation","Review Salesforce Agentforce/Einstein Copilot documentation, LLM capabilities, and existing AI Agent patterns specific to financial and media data reconciliation.","2 Days","None"
"1. Research & Strategy","Key design insights","Synthesize research to define the agent's persona. Map out the architecture, identify required custom actions (Apex/Flows), and finalize the cross-object data model.","3 Days","Familiarization of existing methodologies"
"2. Requirements Definition","Use case listing","Document and finalize the core scenarios the agent will identify (e.g., Perfect Match, Under-delivery/Overbilling, Rate Mismatches).","1 Day","Key design insights"
"2. Requirements Definition","Detailed algorithm","Draft the explicit mathematical logic the agent uses to reconcile (e.g., Expected Amount = Ad Server Qty * IO Rate) and how it flags variances.","2 Days","Use case listing"
"3. Environment Setup","Client org setup","Provision the Salesforce sandbox, verify necessary licenses/managed packages (Media Cloud), configure custom objects, and load mock test data.","2 Days","None"
"3. Environment Setup","Agent org setup","Enable Einstein Copilot/Agentforce, assign necessary permission sets to users, and initialize the basic framework for the Reconciliation Agent.","1 Day","Client org setup"
"4. Architecture & Design","Workflow creation","Build the explicit step-by-step Salesforce Flows, Prompt Templates, and orchestration logic that the Agent will follow when a user prompts it.","3 Days","Detailed algorithm, Agent org setup"
"5. Execution","Development","Write the custom Apex Actions for intensive calculations, configure the Agent's conversational instructions, and build the final 'Exception Report' output format.","5-7 Days","Workflow creation"
"6. Quality Assurance","Testing","Conduct Unit testing using the mock data, End-to-End conversation simulations to test LLM reasoning, and User Acceptance Testing (UAT).","3-4 Days","Development"
